Account,Row Type,Action,Ad status,Campaign,Ad group,Ad type,Headline 1,Headline 2,Headline 3,Headline 4,Headline 5,Headline 6,Headline 7,Headline 8,Headline 9,Headline 10,Headline 11,Headline 12,Headline 13,Headline 14,Headline 15,Description 1,Description 2,Description 3,Description 4,Path 1,Path 2,Final URL
567-953-1692,Ad,Add,Enabled,Inkdex - Tattoo Search,Fargo ND,Responsive search ad,Find Tattoo Artists in Fargo,Visual Search for Tattoos,Browse Fargo Tattoo Portfolios,Tattoo Artists Near You,Search by Style or Image,Fine Line Artists in Fargo,100+ Fargo Artists,Skip the Endless Scrolling,AI-Powered Tattoo Search,Free Portfolio Browser,Find Your Perfect Artist,Fargo's Best Tattoo Artists,Upload Any Tattoo Image,Match Your Vision,Discover Local Artists,Upload any tattoo image and find artists with matching style. Browse 100+ portfolios from Fargo artists.,Skip the endless scrolling. Find tattoo artists who match your vision with our AI-powered visual search.,Discover local tattoo artists by uploading reference images or browsing by style. 100% free to use.,Find fine line blackwork realism and traditional artists in Fargo. Visual search makes finding your artist easy.,fargo,tattoo-artists,https://inkdex.io/us/nd/fargo
567-953-1692,Ad,Add,Enabled,Inkdex - Tattoo Search,Greenville SC,Responsive search ad,Find Tattoo Artists Greenville,Visual Search for Tattoos,Browse Greenville Portfolios,Tattoo Artists Near You,Search by Style or Image,Fine Line Artists in SC,100+ Greenville Artists,Skip the Endless Scrolling,AI-Powered Tattoo Search,Free Portfolio Browser,Find Your Perfect Artist,Greenville's Best Artists,Upload Any Tattoo Image,Match Your Vision,Discover Local Artists,Upload any tattoo image and find artists with matching style. Browse portfolios from Greenville SC artists.,Skip the endless scrolling. Find tattoo artists who match your vision with our AI-powered visual search.,Discover local tattoo artists by uploading reference images or browsing by style. 100% free to use.,Find fine line blackwork realism and traditional artists in Greenville SC. Visual search makes it easy.,greenville,tattoo-artists,https://inkdex.io/us/sc/greenville
567-953-1692,Ad,Add,Enabled,Inkdex - Tattoo Search,Richmond VA,Responsive search ad,Find Tattoo Artists Richmond,Visual Search for Tattoos,Browse Richmond Portfolios,Tattoo Artists Near You,Search by Style or Image,Fine Line Artists in VA,100+ Richmond Artists,Skip the Endless Scrolling,AI-Powered Tattoo Search,Free Portfolio Browser,Find Your Perfect Artist,Richmond's Best Artists,Upload Any Tattoo Image,Match Your Vision,Discover Local Artists,Upload any tattoo image and find artists with matching style. Browse portfolios from Richmond VA artists.,Skip the endless scrolling. Find tattoo artists who match your vision with our AI-powered visual search.,Discover local tattoo artists by uploading reference images or browsing by style. 100% free to use.,Find fine line blackwork realism and traditional artists in Richmond VA. Visual search makes it easy.,richmond,tattoo-artists,https://inkdex.io/us/va/richmond
567-953-1692,Ad,Add,Enabled,Inkdex - Tattoo Search,Sioux Falls SD,Responsive search ad,Tattoo Artists Sioux Falls,Visual Search for Tattoos,Browse Sioux Falls Portfolios,Tattoo Artists Near You,Search by Style or Image,Fine Line Artists in SD,Sioux Falls Artists,Skip the Endless Scrolling,AI-Powered Tattoo Search,Free Portfolio Browser,Find Your Perfect Artist,Best Sioux Falls Artists,Upload Any Tattoo Image,Match Your Vision,Discover Local Artists,Upload any tattoo image and find artists with matching style. Browse portfolios from Sioux Falls artists.,Skip the endless scrolling. Find tattoo artists who match your vision with our AI-powered visual search.,Discover local tattoo artists by uploading reference images or browsing by style. 100% free to use.,Find fine line blackwork realism and traditional artists in Sioux Falls. Visual search makes it easy.,sioux-falls,tattoo-artists,https://inkdex.io/us/sd/sioux-falls
567-953-1692,Ad,Add,Enabled,Inkdex - Tattoo Search,Nashville TN,Responsive search ad,Find Tattoo Artists Nashville,Visual Search for Tattoos,Browse Nashville Portfolios,Tattoo Artists Near You,Search by Style or Image,Fine Line Artists in TN,200+ Nashville Artists,Skip the Endless Scrolling,AI-Powered Tattoo Search,Free Portfolio Browser,Find Your Perfect Artist,Nashville's Best Artists,Upload Any Tattoo Image,Match Your Vision,Discover Local Artists,Upload any tattoo image and find artists with matching style. Browse 200+ portfolios from Nashville artists.,Skip the endless scrolling. Find tattoo artists who match your vision with our AI-powered visual search.,Discover local tattoo artists by uploading reference images or browsing by style. 100% free to use.,Find fine line blackwork realism and traditional artists in Nashville TN. Visual search makes it easy.,nashville,tattoo-artists,https://inkdex.io/us/tn/nashville
567-953-1692,Ad,Add,Enabled,Inkdex - Tattoo Search,Lubbock TX,Responsive search ad,Find Tattoo Artists Lubbock,Visual Search for Tattoos,Browse Lubbock Portfolios,Tattoo Artists Near You,Search by Style or Image,Fine Line Artists in TX,Lubbock Tattoo Artists,Skip the Endless Scrolling,AI-Powered Tattoo Search,Free Portfolio Browser,Find Your Perfect Artist,Lubbock's Best Artists,Upload Any Tattoo Image,Match Your Vision,Discover Local Artists,Upload any tattoo image and find artists with matching style. Browse portfolios from Lubbock TX artists.,Skip the endless scrolling. Find tattoo artists who match your vision with our AI-powered visual search.,Discover local tattoo artists by uploading reference images or browsing by style. 100% free to use.,Find fine line blackwork realism and traditional artists in Lubbock TX. Visual search makes it easy.,lubbock,tattoo-artists,https://inkdex.io/us/tx/lubbock
567-953-1692,Ad,Add,Enabled,Inkdex - Tattoo Search,Amarillo TX,Responsive search ad,Find Tattoo Artists Amarillo,Visual Search for Tattoos,Browse Amarillo Portfolios,Tattoo Artists Near You,Search by Style or Image,Fine Line Artists in TX,Amarillo Tattoo Artists,Skip the Endless Scrolling,AI-Powered Tattoo Search,Free Portfolio Browser,Find Your Perfect Artist,Amarillo's Best Artists,Upload Any Tattoo Image,Match Your Vision,Discover Local Artists,Upload any tattoo image and find artists with matching style. Browse portfolios from Amarillo TX artists.,Skip the endless scrolling. Find tattoo artists who match your vision with our AI-powered visual search.,Discover local tattoo artists by uploading reference images or browsing by style. 100% free to use.,Find fine line blackwork realism and traditional artists in Amarillo TX. Visual search makes it easy.,amarillo,tattoo-artists,https://inkdex.io/us/tx/amarillo
567-953-1692,Ad,Add,Enabled,Inkdex - Tattoo Search,Fort Collins CO,Responsive search ad,Tattoo Artists Fort Collins,Visual Search for Tattoos,Browse Fort Collins Portfolios,Tattoo Artists Near You,Search by Style or Image,Fine Line Artists in CO,Fort Collins Artists,Skip the Endless Scrolling,AI-Powered Tattoo Search,Free Portfolio Browser,Find Your Perfect Artist,Best Fort Collins Artists,Upload Any Tattoo Image,Match Your Vision,Discover Local Artists,Upload any tattoo image and find artists with matching style. Browse portfolios from Fort Collins artists.,Skip the endless scrolling. Find tattoo artists who match your vision with our AI-powered visual search.,Discover local tattoo artists by uploading reference images or browsing by style. 100% free to use.,Find fine line blackwork realism and traditional artists in Fort Collins CO. Visual search makes it easy.,fort-collins,tattoo-artists,https://inkdex.io/us/co/fort-collins
567-953-1692,Ad,Add,Enabled,Inkdex - Tattoo Search,Syracuse NY,Responsive search ad,Find Tattoo Artists Syracuse,Visual Search for Tattoos,Browse Syracuse Portfolios,Tattoo Artists Near You,Search by Style or Image,Fine Line Artists in NY,Syracuse Tattoo Artists,Skip the Endless Scrolling,AI-Powered Tattoo Search,Free Portfolio Browser,Find Your Perfect Artist,Syracuse's Best Artists,Upload Any Tattoo Image,Match Your Vision,Discover Local Artists,Upload any tattoo image and find artists with matching style. Browse portfolios from Syracuse NY artists.,Skip the endless scrolling. Find tattoo artists who match your vision with our AI-powered visual search.,Discover local tattoo artists by uploading reference images or browsing by style. 100% free to use.,Find fine line blackwork realism and traditional artists in Syracuse NY. Visual search makes it easy.,syracuse,tattoo-artists,https://inkdex.io/us/ny/syracuse
567-953-1692,Ad,Add,Enabled,Inkdex - Tattoo Search,Albany NY,Responsive search ad,Find Tattoo Artists Albany,Visual Search for Tattoos,Browse Albany NY Portfolios,Tattoo Artists Near You,Search by Style or Image,Fine Line Artists in NY,Albany Tattoo Artists,Skip the Endless Scrolling,AI-Powered Tattoo Search,Free Portfolio Browser,Find Your Perfect Artist,Albany's Best Artists,Upload Any Tattoo Image,Match Your Vision,Discover Local Artists,Upload any tattoo image and find artists with matching style. Browse portfolios from Albany NY artists.,Skip the endless scrolling. Find tattoo artists who match your vision with our AI-powered visual search.,Discover local tattoo artists by uploading reference images or browsing by style. 100% free to use.,Find fine line blackwork realism and traditional artists in Albany NY. Visual search makes it easy.,albany,tattoo-artists,https://inkdex.io/us/ny/albany
567-953-1692,Ad,Add,Enabled,Inkdex - Tattoo Search,Duluth MN,Responsive search ad,Find Tattoo Artists Duluth,Visual Search for Tattoos,Browse Duluth Portfolios,Tattoo Artists Near You,Search by Style or Image,Fine Line Artists in MN,Duluth Tattoo Artists,Skip the Endless Scrolling,AI-Powered Tattoo Search,Free Portfolio Browser,Find Your Perfect Artist,Duluth's Best Artists,Upload Any Tattoo Image,Match Your Vision,Discover Local Artists,Upload any tattoo image and find artists with matching style. Browse portfolios from Duluth MN artists.,Skip the endless scrolling. Find tattoo artists who match your vision with our AI-powered visual search.,Discover local tattoo artists by uploading reference images or browsing by style. 100% free to use.,Find fine line blackwork realism and traditional artists in Duluth MN. Visual search makes it easy.,duluth,tattoo-artists,https://inkdex.io/us/mn/duluth
567-953-1692,Ad,Add,Enabled,Inkdex - Tattoo Search,Huntsville AL,Responsive search ad,Tattoo Artists Huntsville,Visual Search for Tattoos,Browse Huntsville Portfolios,Tattoo Artists Near You,Search by Style or Image,Fine Line Artists in AL,Huntsville Tattoo Artists,Skip the Endless Scrolling,AI-Powered Tattoo Search,Free Portfolio Browser,Find Your Perfect Artist,Best Huntsville Artists,Upload Any Tattoo Image,Match Your Vision,Discover Local Artists,Upload any tattoo image and find artists with matching style. Browse portfolios from Huntsville AL artists.,Skip the endless scrolling. Find tattoo artists who match your vision with our AI-powered visual search.,Discover local tattoo artists by uploading reference images or browsing by style. 100% free to use.,Find fine line blackwork realism and traditional artists in Huntsville AL. Visual search makes it easy.,huntsville,tattoo-artists,https://inkdex.io/us/al/huntsville
567-953-1692,Ad,Add,Enabled,Inkdex - Tattoo Search,Lawrence KS,Responsive search ad,Find Tattoo Artists Lawrence,Visual Search for Tattoos,Browse Lawrence Portfolios,Tattoo Artists Near You,Search by Style or Image,Fine Line Artists in KS,Lawrence Tattoo Artists,Skip the Endless Scrolling,AI-Powered Tattoo Search,Free Portfolio Browser,Find Your Perfect Artist,Lawrence's Best Artists,Upload Any Tattoo Image,Match Your Vision,Discover Local Artists,Upload any tattoo image and find artists with matching style. Browse portfolios from Lawrence KS artists.,Skip the endless scrolling. Find tattoo artists who match your vision with our AI-powered visual search.,Discover local tattoo artists by uploading reference images or browsing by style. 100% free to use.,Find fine line blackwork realism and traditional artists in Lawrence KS. Visual search makes it easy.,lawrence,tattoo-artists,https://inkdex.io/us/ks/lawrence
567-953-1692,Ad,Add,Enabled,Inkdex - Tattoo Search,Norman OK,Responsive search ad,Find Tattoo Artists Norman,Visual Search for Tattoos,Browse Norman OK Portfolios,Tattoo Artists Near You,Search by Style or Image,Fine Line Artists in OK,Norman Tattoo Artists,Skip the Endless Scrolling,AI-Powered Tattoo Search,Free Portfolio Browser,Find Your Perfect Artist,Norman's Best Artists,Upload Any Tattoo Image,Match Your Vision,Discover Local Artists,Upload any tattoo image and find artists with matching style. Browse portfolios from Norman OK artists.,Skip the endless scrolling. Find tattoo artists who match your vision with our AI-powered visual search.,Discover local tattoo artists by uploading reference images or browsing by style. 100% free to use.,Find fine line blackwork realism and traditional artists in Norman OK. Visual search makes it easy.,norman,tattoo-artists,https://inkdex.io/us/ok/norman
